Week,Tasks,Technical Deliverables,Learning Resources
Week 1,"Project kickoff & requirements review, Setup development environment (Git, IDE, Cloud Account), Learn backend (Node.js/Django) & frontend (React) basics","SRS Document, Git repo setup, Basic 'Hello World' API","Git Tutorial (https://git-scm.com/docs/gittutorial), Node.js Docs (https://nodejs.org/en/docs/), React Docs (https://react.dev/learn)"
Week 2,"Database design (SQL/NoSQL), Implement basic CRUD APIs for Student & Teacher modules, Set up CI/CD pipeline (GitHub Actions)","ER Diagram, Student & Teacher APIs, GitHub Actions workflow","SQL Design (https://www.dbdesigner.net/), REST API Guide (https://www.freecodecamp.org/news/rest-api-tutorial/), GitHub Actions (https://docs.github.com/en/actions)"
Week 3,"Implement authentication (JWT/OAuth), Develop Admin Dashboard (React), Integrate backend with frontend","Auth API (Login/Signup), Admin UI (Basic Layout), API-Frontend Integration","JWT Auth (https://jwt.io/introduction/), React Router (https://reactrouter.com/en/main), Axios for API Calls (https://axios-http.com/docs/intro)"
Week 4,"Fees Management Module (Payment Gateway Integration), Hostel Allocation Logic (Algorithm), Unit Testing (Jest/Mocha)","Fees CRUD APIs, Hostel Assignment Logic, Test Cases","Stripe/PayPal API (https://stripe.com/docs), Jest Testing (https://jestjs.io/docs/getting-started)"
Week 5,"Semester-wise Subject Selection, Attendance Tracking (QR/Biometric?), Deploy Backend (AWS/Azure)","Subject Allocation API, Attendance Marking System, Cloud Deployment","AWS EC2 Guide (https://aws.amazon.com/ec2/), QR Code Scanner API (https://www.npmjs.com/package/qrcode.react)"
Week 6,"Teacher Payroll Module, Reports Generation (PDF/Excel), Performance Optimization","Payroll Calculation API, PDF Export (PDFKit), Caching (Redis)","PDFKit (https://pdfkit.org/), Redis Caching (https://redis.io/docs/)"
Week 7,"Notification System (Email/SMS), Data Backup & Recovery, Security Audit (OWASP)","Email/SMS Integration, Automated Backups, Security Fixes","Nodemailer (https://nodemailer.com/), OWASP Cheatsheet (https://cheatsheetseries.owasp.org/)"
Week 8,"Mobile Responsiveness, Load Testing (JMeter), Bug Fixes","Responsive UI, Load Test Report, Bug Tracker Updates","JMeter Guide (https://jmeter.apache.org/usermanual/)"
Week 9,"Final Integration Testing, User Training Manual, Prepare UAT","Test Reports, User Guide (PDF), UAT Environment Setup","Postman Testing (https://learning.postman.com/docs/writing-scripts/test-scripts/)"
Week 10,"User Acceptance Testing (UAT), Feedback Implementation, Final Deployment","UAT Signoff, Production Deployment","AWS Deployment (https://aws.amazon.com/getting-started/)"
Week 11,"Documentation (API, User Manual), Performance Tuning, Handover Process","API Docs (Swagger), Final Code Review","Swagger UI (https://swagger.io/tools/swagger-ui/)"
Week 12,"Project Demo, Bug Fixes & Final Review, Submission & Closure","Final Delivery, Project Report","-"